{
  "metadata" : {
    "realm" : "/openbanking",
    "amsterVersion" : "6.5.1",
    "entityType" : "Applications",
    "entityId" : "AISP Authorization Policy",
    "pathParams" : { }
  },
  "data" : {
    "_id" : "AISP Authorization Policy",
    "displayName" : "AISP Authorization Policy",
    "description" : "OBIE AISP Authorization Policy",
    "attributeNames" : [ ],
    "createdBy" : "id=amAdmin,ou=user,ou=am-config",
    "conditions" : [ "LEAuthLevel", "Policy", "Script", "AuthenticateToService", "SimpleTime", "AMIdentityMembership", "OR", "IPv6", "IPv4", "SessionProperty", "AuthScheme", "AuthLevel", "NOT", "Transaction", "AuthenticateToRealm", "AND", "ResourceEnvIP", "LDAPFilter", "OAuth2Scope", "Session" ],
    "saveIndex" : null,
    "searchIndex" : null,
    "resourceComparator" : null,
    "applicationType" : "iPlanetAMWebAgentService",
    "entitlementCombiner" : "DenyOverride",
    "resourceTypeUuids" : [ "76656a38-5f8e-401b-83aa-4ccb74ce88d2" ],
    "creationDate" : 1555398066912,
    "lastModifiedDate" : 1555398082629,
    "lastModifiedBy" : "id=amAdmin,ou=user,ou=am-config",
    "subjects" : [ "Policy", "NOT", "OR", "JwtClaim", "AuthenticatedUsers", "AND", "Identity", "NONE" ],
    "editable" : true,
    "name" : "AISP Authorization Policy"
  }
}