{
  "metadata" : {
    "realm" : "/openbanking",
    "amsterVersion" : "6.5.1",
    "entityType" : "ResourceTypes",
    "entityId" : "76656a38-5f8e-401b-83aa-4ccb74ce88d2",
    "pathParams" : { }
  },
  "data" : {
    "_id" : "76656a38-5f8e-401b-83aa-4ccb74ce88d2",
    "uuid" : "76656a38-5f8e-401b-83aa-4ccb74ce88d2",
    "name" : "URL",
    "description" : "The built-in URL Resource Type available to OpenAM Policies.",
    "patterns" : [ "*://*.*/openbanking/v3.1/*-payments", "*://*.*/openbanking/v3.1/*-payments-consents/*", "*://*.*/openbanking/v3.1/*-account-information-consents", "*://*:*/*", "*://*:*/*?*", "*://*.*/openbanking/v3.1/*-payments-consents/*funds-confirmation", "*://*.*/openbanking/v3.1/*-payment-consents", "*://*.*/openbanking/v3.1/*-payments/*" ],
    "actions" : {
      "HEAD" : true,
      "DELETE" : true,
      "POST" : true,
      "GET" : true,
      "OPTIONS" : true,
      "PUT" : true,
      "PATCH" : true
    },
    "createdBy" : "id=dsameuser,ou=user,ou=am-config",
    "creationDate" : 1554886581915,
    "lastModifiedBy" : "id=amAdmin,ou=user,ou=am-config",
    "lastModifiedDate" : 1554894649758
  }
}