{
  "metadata" : {
    "realm" : null,
    "amsterVersion" : "6.5.2",
    "entityType" : "KeyStoreMappings",
    "entityId" : "am.services.oauth2.oidc.decryption.RSA1.5",
    "pathParams" : {
      "KeyStoreSecretStore" : "default-keystore"
    }
  },
  "data" : {
    "_id" : "am.services.oauth2.oidc.decryption.RSA1.5",
    "secretId" : "am.services.oauth2.oidc.decryption.RSA1.5",
    "aliases" : [ "test" ],
    "_type" : {
      "_id" : "mappings",
      "name" : "Mappings",
      "collection" : true
    }
  }
}