{
  "metadata" : {
    "realm" : "/openbanking",
    "amsterVersion" : "6.5.1",
    "entityType" : "LdapModule",
    "entityId" : "LDAP",
    "pathParams" : { }
  },
  "data" : {
    "_id" : "LDAP",
    "authenticationLevel" : 0,
    "userBindPassword" : null,
    "userBindPassword-encrypted" : "AAAAA0FFUwIQw6wHVDxxQ4XCXwrV3ZjEuBMZZlGe0WMAkIapOQKHY7lEqoSRgKbk+Q==",
    "searchScope" : "SUBTREE",
    "returnUserDN" : true,
    "profileAttributeMappings" : [ ],
    "userBindDN" : "cn=Directory manager",
    "userSearchAttributes" : [ "uid" ],
    "connectionHeartbeatTimeUnit" : "SECONDS",
    "beheraPasswordPolicySupportEnabled" : true,
    "userProfileRetrievalAttribute" : "uid",
    "minimumPasswordLength" : "8",
    "primaryLdapServer" : [ "configstore-0.configstore:1389" ],
    "openam-auth-ldap-connection-mode" : "LDAP",
    "connectionHeartbeatInterval" : 10,
    "secondaryLdapServer" : [ ],
    "userSearchStartDN" : [ "ou=identities" ],
    "trustAllServerCertificates" : false,
    "operationTimeout" : 0,
    "_type" : {
      "_id" : "ldap",
      "name" : "LDAP",
      "collection" : true
    }
  }
}