{
  "metadata" : {
    "realm" : "/openbanking",
    "amsterVersion" : "6.5.1",
    "entityType" : "OAuth2Clients",
    "entityId" : "29dc734d-8edb-4d76-958b-913fd4940e5d",
    "pathParams" : { }
  },
  "data" : {
    "_id" : "29dc734d-8edb-4d76-958b-913fd4940e5d",
    "signEncOAuth2ClientConfig" : {
      "idTokenEncryptionMethod" : "A128CBC-HS256",
      "idTokenEncryptionAlgorithm" : "RSA-OAEP-256",
      "userinfoResponseFormat" : "JSON",
      "userinfoSignedResponseAlg" : null,
      "requestParameterEncryptedAlg" : "RSA-OAEP-256",
      "tokenEndpointAuthSigningAlgorithm" : "PS256",
      "requestParameterEncryptedEncryptionAlgorithm" : "A128CBC-HS256",
      "idTokenSignedResponseAlg" : "PS256",
      "idTokenEncryptionEnabled" : false,
      "userinfoEncryptedResponseEncryptionAlgorithm" : null,
      "publicKeyLocation" : "jwks_uri",
      "userinfoEncryptedResponseAlg" : null,
      "jwksUri" : "https://service.directory.ob.forgerock.financial:443/api/software-statement/5ce566ca51304b001858a7b7/application/jwk_uri",
      "requestParameterSignedAlg" : "PS256",
      "mTLSCertificateBoundAccessTokens" : false
    },
    "advancedOAuth2ClientConfig" : {
      "grantTypes" : [ "refresh_token", "client_credentials", "authorization_code" ],
      "updateAccessToken" : "bBUS3R2QLRsP0v1aPAuDPvZizcs",
      "sectorIdentifierUri" : "login.dev.fr-abc.org",
      "isConsentImplied" : false,
      "contacts" : [ ],
      "requestUris" : [ ],
      "policyUri" : [ ],
      "responseTypes" : [ "code id_token" ],
      "descriptions" : [ ],
      "clientUri" : [ ],
      "mixUpMitigation" : false,
      "subjectType" : "Pairwise",
      "logoUri" : [ ],
      "name" : [ ],
      "tokenEndpointAuthMethod" : "private_key_jwt"
    },
    "coreOAuth2ClientConfig" : {
      "clientType" : "Confidential",
      "userpassword" : null,
      "userpassword-encrypted" : "AAAAA0FFUwIQ44UdCUgFtPz4IDivfOprcV6pidLaavOSAyT5oE3Ltc9yYpPNnSQIsVZBAuLzJEcF/Icvitupua+rl9RfGCVxE2cxkPmzmdoc6+o50lNOfWE0dnugMCGvuDMLBVYQJVu8onY5QjG9FXoSqApmZtYgwQ==",
      "scopes" : [ "openid", "payments", "accounts" ],
      "authorizationCodeLifetime" : 0,
      "accessTokenLifetime" : 0,
      "refreshTokenLifetime" : 0,
      "defaultScopes" : [ ],
      "redirectionUris" : [ "https://www.google.com" ],
      "clientName" : [ "TPP ISS Demo Dani" ],
      "status" : "Active"
    },
    "coreOpenIDClientConfig" : {
      "jwtTokenLifetime" : 0,
      "defaultAcrValues" : [ ],
      "defaultMaxAgeEnabled" : false,
      "defaultMaxAge" : 1
    },
    "_type" : {
      "_id" : "OAuth2Client",
      "name" : "OAuth2 Clients",
      "collection" : true
    }
  }
}