{
  "metadata" : {
    "realm" : "/openbanking",
    "amsterVersion" : "6.5.1",
    "entityType" : "OAuth2Clients",
    "entityId" : "c29115e1-a378-4411-bc60-71dbc414c59f",
    "pathParams" : { }
  },
  "data" : {
    "_id" : "c29115e1-a378-4411-bc60-71dbc414c59f",
    "signEncOAuth2ClientConfig" : {
      "idTokenEncryptionMethod" : "A128CBC-HS256",
      "idTokenEncryptionAlgorithm" : "RSA-OAEP-256",
      "userinfoResponseFormat" : "JSON",
      "userinfoSignedResponseAlg" : null,
      "requestParameterEncryptedAlg" : "RSA-OAEP-256",
      "tokenEndpointAuthSigningAlgorithm" : "PS256",
      "requestParameterEncryptedEncryptionAlgorithm" : "A128CBC-HS256",
      "idTokenSignedResponseAlg" : "PS256",
      "idTokenEncryptionEnabled" : false,
      "userinfoEncryptedResponseEncryptionAlgorithm" : null,
      "publicKeyLocation" : "jwks_uri",
      "userinfoEncryptedResponseAlg" : null,
      "jwksUri" : "https://service.directory.ob.forgerock.financial:443/api/software-statement/5d152b5e51304b0019290a1a/application/jwk_uri",
      "requestParameterSignedAlg" : "PS256",
      "mTLSCertificateBoundAccessTokens" : false
    },
    "advancedOAuth2ClientConfig" : {
      "grantTypes" : [ "refresh_token", "client_credentials", "authorization_code" ],
      "updateAccessToken" : "0Ob1szPwV85hC-RV6QDdeIzCC3k",
      "responseTypes" : [ "code id_token" ],
      "subjectType" : "public",
      "tokenEndpointAuthMethod" : "private_key_jwt"
    },
    "coreOAuth2ClientConfig" : {
      "clientType" : "Confidential",
      "userpassword" : null,
      "userpassword-encrypted" : "AAAAA0FFUwIQRGiRJQtbQamvpv4v0EcZrKI58mxl6SY9hf9AGU5qXErptDTE4daygMPxGGoJHqIRFBlbY7/mO6UvBYImDqgPxUHJgY55x6IM6GDK2DwmsakT83vLpvB/7XFx+TpyHsrkDecPuw13vmce+j689smr2A==",
      "scopes" : [ "openid", "payments", "accounts" ],
      "authorizationCodeLifetime" : 0,
      "accessTokenLifetime" : 0,
      "refreshTokenLifetime" : 0,
      "defaultScopes" : [ ],
      "redirectionUris" : [ "https://www.google.com" ],
      "status" : "Active"
    },
    "coreOpenIDClientConfig" : {
      "jwtTokenLifetime" : 0,
      "defaultAcrValues" : [ ],
      "defaultMaxAgeEnabled" : false,
      "defaultMaxAge" : 1
    },
    "_type" : {
      "_id" : "OAuth2Client",
      "name" : "OAuth2 Clients",
      "collection" : true
    }
  }
}