{
  "metadata" : {
    "realm" : "/openbanking",
    "amsterVersion" : "6.5.1",
    "entityType" : "OAuth2Clients",
    "entityId" : "d31998f5-e4e9-457c-9394-c1cfe73e4b5d",
    "pathParams" : { }
  },
  "data" : {
    "_id" : "d31998f5-e4e9-457c-9394-c1cfe73e4b5d",
    "signEncOAuth2ClientConfig" : {
      "idTokenEncryptionMethod" : "A128CBC-HS256",
      "idTokenEncryptionAlgorithm" : "RSA-OAEP-256",
      "userinfoResponseFormat" : "JSON",
      "userinfoSignedResponseAlg" : null,
      "requestParameterEncryptedAlg" : "RSA-OAEP-256",
      "tokenEndpointAuthSigningAlgorithm" : "PS256",
      "requestParameterEncryptedEncryptionAlgorithm" : "A128CBC-HS256",
      "idTokenSignedResponseAlg" : "PS256",
      "idTokenEncryptionEnabled" : false,
      "userinfoEncryptedResponseEncryptionAlgorithm" : null,
      "publicKeyLocation" : "jwks_uri",
      "userinfoEncryptedResponseAlg" : null,
      "jwksUri" : "https://service.directory.ob.forgerock.financial:443/api/software-statement/5ce7b187dc9578001764dfc6/application/jwk_uri",
      "requestParameterSignedAlg" : "PS256",
      "mTLSCertificateBoundAccessTokens" : false
    },
    "advancedOAuth2ClientConfig" : {
      "grantTypes" : [ "refresh_token", "client_credentials", "authorization_code" ],
      "updateAccessToken" : "d2_w3rXYtvlkFwQ-A8zjmTC9VNc",
      "responseTypes" : [ "code id_token" ],
      "subjectType" : "public",
      "tokenEndpointAuthMethod" : "private_key_jwt"
    },
    "coreOAuth2ClientConfig" : {
      "clientType" : "Confidential",
      "userpassword" : null,
      "userpassword-encrypted" : "AAAAA0FFUwIQoiEtwn8EyC44tmdxccz9Pb24WYjxBkmgEbDpsIiq7ibi9vTHtuMdpost51fFxGNHcdxRaDQCGqdGTiomiqsNhnvgryhP6W49HeUrIyJ8drmDD4z3i3/L5v6UmWoxsONkpKpdPCSNBAlJRH2L5HQ2fA==",
      "scopes" : [ "openid", "payments", "accounts" ],
      "authorizationCodeLifetime" : 0,
      "accessTokenLifetime" : 0,
      "refreshTokenLifetime" : 0,
      "defaultScopes" : [ ],
      "redirectionUris" : [ "https://www.google.com" ],
      "status" : "Active"
    },
    "coreOpenIDClientConfig" : {
      "jwtTokenLifetime" : 0,
      "defaultAcrValues" : [ ],
      "defaultMaxAgeEnabled" : false,
      "defaultMaxAge" : 1
    },
    "_type" : {
      "_id" : "OAuth2Client",
      "name" : "OAuth2 Clients",
      "collection" : true
    }
  }
}