{
  "metadata" : {
    "realm" : "/openbanking",
    "amsterVersion" : "6.5.1",
    "entityType" : "OAuth2Clients",
    "entityId" : "iss-client",
    "pathParams" : { }
  },
  "data" : {
    "_id" : "iss-client",
    "signEncOAuth2ClientConfig" : {
      "idTokenEncryptionMethod" : "A128CBC-HS256",
      "jwkSet" : null,
      "idTokenEncryptionAlgorithm" : "RSA-OAEP-256",
      "userinfoResponseFormat" : "JSON",
      "mTLSTrustedCert" : null,
      "jwksCacheTimeout" : 3600000,
      "userinfoSignedResponseAlg" : null,
      "requestParameterEncryptedAlg" : null,
      "tokenEndpointAuthSigningAlgorithm" : "RS256",
      "mTLSSubjectDN" : null,
      "idTokenEncryptionEnabled" : false,
      "userinfoEncryptedResponseEncryptionAlgorithm" : "A128CBC-HS256",
      "publicKeyLocation" : "jwks_uri",
      "mTLSCertificateBoundAccessTokens" : false,
      "requestParameterEncryptedEncryptionAlgorithm" : "A128CBC-HS256",
      "jwkStoreCacheMissCacheTime" : 60000,
      "idTokenSignedResponseAlg" : "RS256",
      "idTokenPublicEncryptionKey" : null,
      "userinfoEncryptedResponseAlg" : null,
      "jwksUri" : "http://openam:80/oauth2/openbanking/connect/jwk_uri",
      "requestParameterSignedAlg" : null,
      "clientJwtPublicKey" : null
    },
    "advancedOAuth2ClientConfig" : {
      "grantTypes" : [ "authorization_code" ],
      "updateAccessToken" : null,
      "requestUris" : [ ],
      "clientUri" : [ ],
      "mixUpMitigation" : false,
      "logoUri" : [ ],
      "tokenEndpointAuthMethod" : "client_secret_basic",
      "sectorIdentifierUri" : null,
      "isConsentImplied" : false,
      "contacts" : [ ],
      "responseTypes" : [ "code", "token", "id_token", "code token", "token id_token", "code id_token", "code token id_token", "device_code", "device_code id_token" ],
      "policyUri" : [ ],
      "descriptions" : [ ],
      "subjectType" : "Public",
      "name" : [ ]
    },
    "coreOpenIDClientConfig" : {
      "jwtTokenLifetime" : 0,
      "clientSessionUri" : null,
      "postLogoutRedirectUri" : [ ],
      "defaultMaxAge" : 600,
      "claims" : [ ],
      "defaultAcrValues" : [ ],
      "defaultMaxAgeEnabled" : false
    },
    "coreOAuth2ClientConfig" : {
      "userpassword" : null,
      "userpassword-encrypted" : "AAAAA0FFUwIQQvUdLLwDi4i8MOf/TXh6IAftmHsG5j1pX0mntkm2c0FYB0Ht+npojw==",
      "authorizationCodeLifetime" : 0,
      "accessTokenLifetime" : 0,
      "defaultScopes" : [ "openid" ],
      "clientName" : [ "ISS Client Display Name" ],
      "clientType" : "Confidential",
      "scopes" : [ "openid", "payments", "accounts" ],
      "agentgroup" : null,
      "refreshTokenLifetime" : 0,
      "redirectionUris" : [ "https://www.google.com" ],
      "status" : "Active"
    },
    "coreUmaClientConfig" : {
      "claimsRedirectionUris" : [ ]
    },
    "_type" : {
      "_id" : "OAuth2Client",
      "name" : "OAuth2 Clients",
      "collection" : true
    }
  }
}