{
  "metadata" : {
    "realm" : null,
    "amsterVersion" : "6.5.2",
    "entityType" : "IdRepositoryUser",
    "entityId" : "anonymous",
    "pathParams" : { }
  },
  "data" : {
    "_id" : "anonymous",
    "userPassword" : null,
    "userPassword-encrypted" : "AAAAA0FFUwIQZSEpGi1O+0B1a9xp2K7aGguRmmHZePGOg8cnZV9nDN7om3FnYYoUeM2b0SD7GsixEVTmYD/yNz8=",
    "givenName" : "anonymous",
    "roles" : [ ],
    "dn" : "uid=anonymous,ou=people,",
    "cn" : "anonymous",
    "inetUserStatus" : "Active",
    "sn" : "anonymous",
    "iplanet-am-user-auth-config" : "[Empty]",
    "_type" : {
      "_id" : "user",
      "name" : "User",
      "collection" : true
    }
  }
}