{
  "metadata" : {
    "realm" : "/openbanking",
    "amsterVersion" : "6.5.1",
    "entityType" : "OAuth2Provider",
    "entityId" : "OAuth2Provider",
    "pathParams" : { }
  },
  "data" : {
    "_id" : "",
    "coreOAuth2Config" : {
      "refreshTokenLifetime" : 7776000,
      "accessTokenLifetime" : 1800,
      "usePolicyEngineForScope" : false,
      "codeLifetime" : 120,
      "issueRefreshTokenOnRefreshedToken" : true,
      "issueRefreshToken" : true,
      "statelessTokensEnabled" : false
    },
    "coreOIDCConfig" : {
      "supportedIDTokenEncryptionMethods" : [ "A256GCM", "A192GCM", "A128GCM", "A128CBC-HS256", "A192CBC-HS384", "A256CBC-HS512" ],
      "jwtTokenLifetime" : 3600,
      "supportedClaims" : [ "acr|Authentication context class reference", "openbanking_intent_id|OpenBanking Intent ID" ],
      "supportedIDTokenEncryptionAlgorithms" : [ "RSA-OAEP", "RSA-OAEP-256", "A128KW", "A256KW", "RSA1_5", "dir", "A192KW" ],
      "supportedIDTokenSigningAlgorithms" : [ "PS384", "RS384", "ES384", "HS256", "HS512", "ES256", "RS256", "HS384", "ES512", "PS256", "PS512", "RS512" ],
      "oidcClaimsScript" : "a081a4b2-f255-4dea-8bfe-7c7c5384279c"
    },
    "advancedOAuth2Config" : {
      "supportedScopes" : [ "accounts|Accounts", "openid|", "payments|Payments", "openid", "payments", "fundsconfirmations", "accounts", "fundsconfirmation" ],
      "codeVerifierEnforced" : "false",
      "tokenSigningAlgorithm" : "HS256",
      "authenticationAttributes" : [ "uid" ],
      "defaultScopes" : [ "openid" ],
      "scopeImplementationClass" : "org.forgerock.openam.scope.ObieCustomScopeValidator",
      "responseTypeClasses" : [ "code|org.forgerock.oauth2.core.AuthorizationCodeResponseTypeHandler", "id_token|org.forgerock.openidconnect.IdTokenResponseTypeHandler", "device_code|org.forgerock.oauth2.core.TokenResponseTypeHandler", "token|org.forgerock.oauth2.core.TokenResponseTypeHandler" ],
      "tlsCertificateBoundAccessTokensEnabled" : true,
      "hashSalt" : "mysaltiness",
      "moduleMessageEnabledInPasswordGrant" : false,
      "tokenEncryptionEnabled" : false,
      "tokenCompressionEnabled" : false,
      "grantTypes" : [ "implicit", "refresh_token", "password", "client_credentials", "authorization_code" ],
      "displayNameAttribute" : "cn",
      "supportedSubjectTypes" : [ "public", "pairwise" ]
    },
    "advancedOIDCConfig" : {
      "storeOpsTokens" : true,
      "defaultACR" : [ "urn:openbanking:psd2:ca" ],
      "supportedRequestParameterEncryptionEnc" : [ "A256GCM", "A192GCM", "A128GCM", "A128CBC-HS256", "A192CBC-HS384", "A256CBC-HS512" ],
      "claimsParameterSupported" : true,
      "amrMappings" : { },
      "supportedUserInfoEncryptionEnc" : [ "A256GCM", "A192GCM", "A128GCM", "A128CBC-HS256", "A192CBC-HS384", "A256CBC-HS512" ],
      "alwaysAddClaimsToToken" : true,
      "supportedUserInfoSigningAlgorithms" : [ "ES384", "HS256", "HS512", "ES256", "RS256", "HS384", "ES512" ],
      "supportedRequestParameterEncryptionAlgorithms" : [ "RSA-OAEP", "RSA-OAEP-256", "A128KW", "A256KW", "RSA1_5", "dir", "A192KW" ],
      "authorisedOpenIdConnectSSOClients" : [ ],
      "idTokenInfoClientAuthenticationEnabled" : true,
      "supportedRequestParameterSigningAlgorithms" : [ "PS384", "RS384", "ES384", "HS256", "HS512", "ES256", "RS256", "HS384", "ES512", "PS256", "PS512", "RS512" ],
      "supportedUserInfoEncryptionAlgorithms" : [ "RSA-OAEP", "RSA-OAEP-256", "A128KW", "A256KW", "RSA1_5", "dir", "A192KW" ],
      "supportedTokenEndpointAuthenticationSigningAlgorithms" : [ "PS384", "RS384", "ES384", "HS256", "HS512", "ES256", "RS256", "HS384", "ES512", "PS256", "PS512", "RS512" ],
      "loaMapping" : {
        "urn:openbanking:psd2:sca" : "ob-auth-tree",
        "urn:openbanking:psd2:ca" : "openbanking"
      }
    },
    "clientDynamicRegistrationConfig" : {
      "dynamicClientRegistrationSoftwareStatementRequired" : true,
      "dynamicClientRegistrationScope" : "dynamic_client_registration",
      "requiredSoftwareStatementAttestedAttributes" : [ ],
      "generateRegistrationAccessTokens" : true,
      "allowDynamicRegistration" : true
    },
    "consent" : {
      "enableRemoteConsent" : true,
      "supportedRcsRequestSigningAlgorithms" : [ "PS384", "RS384", "ES384", "HS256", "HS512", "ES256", "RS256", "HS384", "ES512", "PS256", "PS512", "RS512" ],
      "supportedRcsResponseSigningAlgorithms" : [ "PS384", "RS384", "ES384", "HS256", "HS512", "ES256", "RS256", "HS384", "ES512", "PS256", "PS512", "RS512" ],
      "clientsCanSkipConsent" : false,
      "supportedRcsRequestEncryptionAlgorithms" : [ "RSA-OAEP", "RSA-OAEP-256", "A128KW", "RSA1_5", "A256KW", "dir", "A192KW" ],
      "supportedRcsResponseEncryptionMethods" : [ "A256GCM", "A192GCM", "A128GCM", "A128CBC-HS256", "A192CBC-HS384", "A256CBC-HS512" ],
      "supportedRcsRequestEncryptionMethods" : [ "A256GCM", "A192GCM", "A128GCM", "A128CBC-HS256", "A192CBC-HS384", "A256CBC-HS512" ],
      "remoteConsentServiceId" : "forgerock-rcs",
      "supportedRcsResponseEncryptionAlgorithms" : [ "RSA-OAEP", "RSA-OAEP-256", "A128KW", "A256KW", "RSA1_5", "dir", "A192KW" ]
    },
    "deviceCodeConfig" : {
      "devicePollInterval" : 5,
      "deviceCodeLifetime" : 300
    },
    "requireRequestUriRegistration" : false,
    "_type" : {
      "_id" : "oauth-oidc",
      "name" : "OAuth2 Provider",
      "collection" : false
    }
  }
}