{
  "metadata" : {
    "realm" : null,
    "amsterVersion" : "6.5.2",
    "entityType" : "DirectoryConfiguration",
    "entityId" : "http://openam:80",
    "pathParams" : {
      "serverName" : "http://openam:80"
    }
  },
  "data" : {
    "_id" : "01/properties/directoryConfiguration",
    "directoryConfiguration" : {
      "minConnectionPool" : 1,
      "maxConnectionPool" : 10,
      "bindDn" : "cn=Directory Manager",
      "bindPassword" : null,
      "bindPassword-encrypted" : "AAAAA0FFUwIQ+knibH+DPjNtbi3SFKTKkqHlaSkNEm5tyOEZFdIkomOqskN8Ku8jkA=="
    },
    "directoryServers" : [ {
      "hostName" : "configstore-0.configstore",
      "serverName" : "Server1",
      "connectionType" : "SIMPLE",
      "portNumber" : "1389"
    } ]
  }
}