{
  "metadata" : {
    "realm" : "/",
    "amsterVersion" : "6.5.2",
    "entityType" : "IdRepository",
    "entityId" : "IdRepository",
    "pathParams" : { }
  },
  "data" : {
    "_id" : "",
    "sunIdRepoAttributeCombiner" : "com.iplanet.am.sdk.AttributeCombiner",
    "sunIdRepoAttributeValidator" : [ "class=com.sun.identity.idm.server.IdRepoAttributeValidatorImpl", "minimumPasswordLength=8", "usernameInvalidChars=*|(|)|&|!" ],
    "_type" : {
      "_id" : "id-repositories",
      "name" : "sunIdentityRepositoryService",
      "collection" : false
    }
  }
}