{
  "metadata" : {
    "realm" : "/openbanking",
    "amsterVersion" : "6.5.1",
    "entityType" : "SoftwarePublisher",
    "entityId" : "ForgeRock",
    "pathParams" : { }
  },
  "data" : {
    "_id" : "ForgeRock",
    "jwkStoreCacheMissCacheTime" : 60000,
    "jwksCacheTimeout" : 3600000,
    "publicKeyLocation" : "jwks_uri",
    "jwkSet" : null,
    "softwareStatementSigningAlgorithm" : "PS256",
    "jwksUri" : "https://service.directory.ob.forgerock.financial/api/directory/keys/jwk_uri",
    "agentgroup" : null,
    "issuer" : "ForgeRock",
    "userpassword" : null,
    "userpassword-encrypted" : "AAAAA0FFUwIQlETl1AwtyCL9zZRtTKlISUPZRdTJ0f8qi7QfYSS26hFmMCU7VWYCEQ==",
    "_type" : {
      "_id" : "SoftwarePublisher",
      "name" : "OAuth2 Software Publisher",
      "collection" : true
    }
  }
}