{
  "metadata" : {
    "realm" : null,
    "amsterVersion" : "6.5.2",
    "entityType" : "AuditLogging",
    "entityId" : "AuditLogging",
    "pathParams" : { }
  },
  "data" : {
    "_id" : "",
    "auditEnabled" : true,
    "fieldFilterPolicy" : [ "/access/http/request/headers/cache-control", "/access/http/request/queryParameters/redirect_uri", "/activity/before/userCertificate", "/activity/before/webauthnDeviceProfiles", "/activity/before/kbaInfo", "/config/after", "/access/http/request/headers/proxy-authorization", "/access/http/response/headers/X-OpenIDM-Password", "/activity/before/userPKCS12", "/access/http/request/headers/connection", "/access/http/request/cookies/%AM_COOKIE_NAME%", "/access/http/request/headers/accept-encoding", "/activity/after/userPKCS12", "/access/http/request/queryParameters/tokenId", "/activity/after/pushDeviceProfiles", "/access/http/request/headers/accept-language", "/activity/after/kbaInfo", "/access/http/response/headers/Set-Cookie", "/activity/before/userPassword", "/access/http/request/queryParameters/access_token", "/access/http/request/cookies/session-jwt", "/access/http/request/queryParameters/requester", "/access/http/response/headers/Authorization", "/activity/after/oathDeviceProfiles", "/access/http/request/headers/authorization", "/activity/after/iplanet-am-user-password-reset-question-answer", "/access/http/request/headers/x-password", "/config/before", "/access/http/request/queryParameters/IDToken1", "/access/http/request/queryParameters/sessionUpgradeSSOTokenId", "/activity/after/userCertificate", "/access/http/request/queryParameters/code", "/activity/before/oathDeviceProfiles", "/access/http/request/queryParameters/Login.Token1", "/activity/after/userPassword", "/activity/before/iplanet-am-user-password-reset-question-answer", "/activity/before/userSMIMECertificate", "/access/http/request/headers/%AM_AUTH_COOKIE_NAME%", "/activity/before/pushDeviceProfiles", "/access/http/request/headers/X-OpenAM-Password", "/access/http/request/queryParameters/id_token_hint", "/access/http/request/queryParameters/%AM_COOKIE_NAME%", "/access/http/request/headers/content-type", "/access/http/request/headers/X-OpenIDM-Password", "/access/http/request/headers/content-length", "/activity/after/webauthnDeviceProfiles", "/access/http/request/headers/%AM_COOKIE_NAME%", "/activity/after/userSMIMECertificate" ],
    "defaults" : {
      "auditEnabled" : true,
      "fieldFilterPolicy" : [ "/access/http/request/headers/cache-control", "/access/http/request/queryParameters/redirect_uri", "/activity/before/userCertificate", "/activity/before/webauthnDeviceProfiles", "/activity/before/kbaInfo", "/config/after", "/access/http/request/headers/proxy-authorization", "/access/http/response/headers/X-OpenIDM-Password", "/activity/before/userPKCS12", "/access/http/request/headers/connection", "/access/http/request/cookies/%AM_COOKIE_NAME%", "/access/http/request/headers/accept-encoding", "/activity/after/userPKCS12", "/access/http/request/queryParameters/tokenId", "/activity/after/pushDeviceProfiles", "/access/http/request/headers/accept-language", "/activity/after/kbaInfo", "/access/http/response/headers/Set-Cookie", "/activity/before/userPassword", "/access/http/request/queryParameters/access_token", "/access/http/request/cookies/session-jwt", "/access/http/request/queryParameters/requester", "/access/http/response/headers/Authorization", "/activity/after/oathDeviceProfiles", "/access/http/request/headers/authorization", "/activity/after/iplanet-am-user-password-reset-question-answer", "/access/http/request/headers/x-password", "/config/before", "/access/http/request/queryParameters/IDToken1", "/access/http/request/queryParameters/sessionUpgradeSSOTokenId", "/activity/after/userCertificate", "/access/http/request/queryParameters/code", "/activity/before/oathDeviceProfiles", "/access/http/request/queryParameters/Login.Token1", "/activity/after/userPassword", "/activity/before/iplanet-am-user-password-reset-question-answer", "/activity/before/userSMIMECertificate", "/access/http/request/headers/%AM_AUTH_COOKIE_NAME%", "/activity/before/pushDeviceProfiles", "/access/http/request/headers/X-OpenAM-Password", "/access/http/request/queryParameters/id_token_hint", "/access/http/request/queryParameters/%AM_COOKIE_NAME%", "/access/http/request/headers/content-type", "/access/http/request/headers/X-OpenIDM-Password", "/access/http/request/headers/content-length", "/activity/after/webauthnDeviceProfiles", "/access/http/request/headers/%AM_COOKIE_NAME%", "/activity/after/userSMIMECertificate" ]
    },
    "_type" : {
      "_id" : "audit",
      "name" : "Audit Logging",
      "collection" : false
    }
  }
}