{
  "metadata" : {
    "realm" : null,
    "amsterVersion" : "6.5.2",
    "entityType" : "DefaultAdvancedProperties",
    "entityId" : "DefaultAdvancedProperties",
    "pathParams" : { }
  },
  "data" : {
    "_id" : "null/properties/advanced",
    "com.iplanet.am.directory.ssl.enabled" : false,
    "openam.auth.distAuthCookieName" : "AMDistAuthCookie",
    "com.sun.identity.webcontainer" : "WEB_CONTAINER",
    "com.sun.identity.security.checkcaller" : false,
    "org.forgerock.services.cts.store.ttlsupport.exclusionlist" : "",
    "openam.authentication.ignore_goto_during_logout" : false,
    "com.sun.identity.saml.xmlsig.signatureprovider.class" : "@XML_SIGNATURE_PROVIDER@",
    "openam.retained.http.request.headers" : "X-DSAMEVersion",
    "com.iplanet.am.jssproxy.trustAllServerCerts" : true,
    "com.sun.identity.url.readTimeout" : "30000",
    "com.iplanet.am.console.remote" : false,
    "openam.forbidden.to.copy.headers" : "connection",
    "com.iplanet.am.lbcookie.value" : "00",
    "com.sun.identity.plugin.log.class" : "@LOG_PROVIDER_CLASS@",
    "com.iplanet.am.session.httpSession.enabled" : "true",
    "com.sun.identity.saml.xmlsig.passwordDecoder" : "@PASSWORD_DECODER_CLASS@",
    "com.iplanet.am.profile.port" : "%SERVER_PORT%",
    "com.iplanet.am.session.client.polling.enable" : false,
    "com.sun.identity.authentication.uniqueCookieName" : "sunIdentityServerAuthNServer",
    "com.iplanet.am.profile.host" : "%SERVER_HOST%",
    "org.forgerock.openam.encryption.key.digest" : "SHA1",
    "org.forgerock.openam.session.stateless.signing.allownone" : false,
    "org.forgerock.openam.encryption.key.size" : "128",
    "com.iplanet.am.logstatus" : "ACTIVE",
    "com.sun.identity.plugin.monitoring.saml2.class" : "@MONSAML2_PROVIDER_CLASS@",
    "openam.serviceattributevalidator.classes.whitelist" : "org.forgerock.openam.auth.nodes.validators.GreaterThanZeroValidator,org.forgerock.openam.auth.nodes.validators.HMACKeyLengthValidator,org.forgerock.openam.auth.nodes.validators.HmacSigningKeyValidator,org.forgerock.openam.auth.nodes.validators.SessionPropertyNameValidator,org.forgerock.openam.auth.nodes.validators.SessionPropertyValidator,org.forgerock.openam.auth.nodes.framework.validators.NodeValueValidator,org.forgerock.openam.audit.validation.PositiveIntegerValidator,org.forgerock.openam.authentication.modules.fr.oath.validators.AlphaNumericValidator,org.forgerock.openam.authentication.modules.fr.oath.validators.CodeLengthValidator,org.forgerock.openam.authentication.modules.persistentcookie.validation.SigningKeyValidator,com.sun.identity.common.configuration.DuplicateKeyMapValueValidator,com.sun.identity.common.configuration.FilterModeValueValidator,com.sun.identity.common.configuration.GlobalMapValueValidator,com.sun.identity.common.configuration.ListValueValidator,com.sun.identity.common.configuration.MapValueValidator,com.sun.identity.common.configuration.ServerPropertyValidator,com.sun.identity.policy.ResourceComparatorValidator,com.sun.identity.sm.EmailValidator,com.sun.identity.sm.IPAddressValidator,com.sun.identity.sm.RequiredValueValidator,com.sun.identity.sm.ServerIDValidator,com.sun.identity.sm.SiteIDValidator,org.forgerock.openam.sm.validation.Base64EncodedBinaryValidator,org.forgerock.openam.sm.validation.EndpointValidator,org.forgerock.openam.sm.validation.HostnameValidator,org.forgerock.openam.sm.validation.PortValidator,org.forgerock.openam.sm.validation.SecretIdValidator,org.forgerock.openam.sm.validation.StatelessSessionSigningAlgorithmValidator,org.forgerock.openam.sm.validation.StringMapValidator,org.forgerock.openam.sm.validation.URLValidator,org.forgerock.openam.selfservice.config.KeyAliasValidator,org.forgerock.openam.sm.validation.UniqueIndexedValuesValidator,org.forgerock.openam.webhook.HttpHeaderValidator",
    "org.forgerock.openam.trees.ids.cache.size" : "50",
    "org.forgerock.openam.ldap.heartbeat.timeout" : "3",
    "com.sun.identity.jss.donotInstallAtHighestPriority" : true,
    "org.forgerock.openam.idrepo.ldapv3.passwordpolicy.allowDiagnosticMessage" : false,
    "com.sun.identity.enableUniqueSSOTokenCookie" : false,
    "org.forgerock.services.cts.store.ttlsupport.enabled" : false,
    "com.iplanet.am.serverMode" : true,
    "org.forgerock.openam.timerpool.shutdown.retry.multiplier" : "1.5",
    "com.sun.identity.am.cookie.check" : false,
    "org.forgerock.openam.core.resource.lookup.cache.enabled" : true,
    "securidHelper.ports" : "58943",
    "org.forgerock.openam.url.connectTimeout" : "1000",
    "com.sun.identity.plugin.monitoring.agent.class" : "@MONAGENT_PROVIDER_CLASS@",
    "org.forgerock.openam.sso.providers.list" : "org.forgerock.openidconnect.ssoprovider.OpenIdConnectSSOProvider",
    "com.iplanet.am.pcookie.name" : "DProPCookie",
    "com.sun.identity.policy.Policy.policy_evaluation_weights" : "10:10:10",
    "com.iplanet.am.session.client.polling.period" : "180",
    "openam.auth.session_property_upgrader" : "org.forgerock.openam.authentication.service.DefaultSessionPropertyUpgrader",
    "com.sun.identity.authentication.super.user" : "uid=amAdmin,ou=People,%ROOT_SUFFIX%",
    "com.sun.identity.saml.xmlsig.keyprovider.class" : "@XMLSIG_KEY_PROVIDER@",
    "org.forgerock.openam.timerpool.shutdown.retry.interval" : "15000",
    "com.sun.identity.plugin.monitoring.saml1.class" : "@MONSAML1_PROVIDER_CLASS@",
    "org.forgerock.openam.showServletTraceInBrowser" : false,
    "com.iplanet.am.cookie.c66Encode" : true,
    "com.iplanet.am.jssproxy.checkSubjectAltName" : false,
    "org.forgerock.openam.radius.server.context.cache.size" : "5000",
    "com.sun.am.event.notification.expire.time" : "5",
    "org.forgerock.openam.audit.access.attempt.enabled" : false,
    "openam.auth.version.header.enabled" : false,
    "org.forgerock.openam.timerpool.shutdown.retry.limit" : "3",
    "org.forgerock.openam.session.service.persistence.deleteAsynchronously" : true,
    "com.iplanet.security.SSLSocketFactoryImpl" : "com.sun.identity.shared.ldap.factory.JSSESocketFactory",
    "com.sun.identity.session.repository.enableAttributeCompression" : false,
    "com.iplanet.am.buildVersion" : "ForgeRock Access Management 6.5.2",
    "com.iplanet.am.console.host" : "%SERVER_HOST%",
    "org.forgerock.openam.auth.transactionauth.returnErrorOnAuthFailure" : false,
    "org.forgerock.openam.authLevel.excludeRequiredOrRequisite" : false,
    "org.forgerock.openam.cdc.validLoginURIs" : "/UI/Login",
    "org.forgerock.openam.redirecturlvalidator.maxUrlLength" : "2000",
    "com.iplanet.am.installdir" : "%BASE_DIR%/%SERVER_URI%",
    "org.forgerock.openam.idm.attribute.names.lower.case" : false,
    "com.sun.identity.authentication.special.users" : "cn=dsameuser,ou=DSAME Users,%ROOT_SUFFIX%|cn=amService-UrlAccessAgent,ou=DSAME Users,%ROOT_SUFFIX%",
    "com.sun.identity.plugin.configuration.class" : "@CONFIGURATION_PROVIDER_CLASS@",
    "org.forgerock.openam.console.autocomplete.enabled" : true,
    "com.sun.identity.plugin.monitoring.idff.class" : "@MONIDFF_PROVIDER_CLASS@",
    "com.sun.identity.monitoring" : "off",
    "org.forgerock.openidconnect.ssoprovider.maxcachesize" : "5000",
    "com.iplanet.am.buildRevision" : "314d553429",
    "openam.session.case.sensitive.uuid" : false,
    "org.forgerock.openam.xui.user.session.validation.enabled" : true,
    "com.sun.identity.authentication.multiple.tabs.used" : false,
    "openam.auth.destroy_session_after_upgrade" : true,
    "com.sun.identity.plugin.session.class" : "@SESSION_PROVIDER_CLASS@",
    "org.forgerock.openam.session.stateless.encryption.method" : "A128CBC-HS256",
    "com.sun.identity.authentication.setCookieToAllDomains" : true,
    "org.forgerock.services.cts.store.reaper.enabled" : true,
    "com.sun.embedded.sync.servers" : "on",
    "com.sun.identity.auth.cookieName" : "AMAuthCookie",
    "com.iplanet.am.daemons" : "securid",
    "com.iplanet.am.jssproxy.resolveIPAddress" : false,
    "com.sun.identity.policy.resultsCacheResourceCap" : "20",
    "org.forgerock.openam.slf4j.enableTraceInMessage" : false,
    "com.sun.identity.policy.resultsCacheMaxSize" : "10000",
    "com.sun.identity.sm.cache.ttl.enable" : false,
    "com.sun.identity.session.repository.enableCompression" : false,
    "org.forgerock.openam.session.stateless.rsa.padding" : "RSA-OAEP-256",
    "com.iplanet.am.console.deploymentDescriptor" : "/%SERVER_URI%",
    "openam.forbidden.to.copy.request.headers" : "connection",
    "org.forgerock.openam.notifications.agents.enabled" : true,
    "org.forgerock.openam.devices.recovery.use_insecure_storage" : false,
    "com.iplanet.am.jssproxy.SSLTrustHostList" : "",
    "com.iplanet.am.version" : "ForgeRock Access Management 6.5.2 Build 314d553429 (2019-June-17 15:07)",
    "com.sun.identity.sm.cache.ttl" : "30",
    "com.iplanet.am.console.port" : "%SERVER_PORT%",
    "com.iplanet.services.cdc.invalidGotoStrings" : "<,>,javascript:,javascript%3a,%3c,%3e",
    "com.sun.identity.cookie.httponly" : false,
    "org.forgerock.openam.encryption.key.iterations" : "10000",
    "openam.cdm.default.charset" : "UTF-8",
    "com.iplanet.am.buildDate" : "2019-June-17 15:07",
    "com.sun.identity.session.repository.enableEncryption" : false,
    "com.sun.identity.password.deploymentDescriptor" : "%SERVER_URI%",
    "com.iplanet.am.session.agentSessionIdleTime" : "0",
    "com.sun.identity.monitoring.local.conn.server.url" : "service:jmx:rmi://",
    "com.iplanet.am.console.protocol" : "%SERVER_PROTO%",
    "com.sun.identity.plugin.datastore.class.default" : "@DATASTORE_PROVIDER_CLASS@",
    "com.iplanet.am.lbcookie.name" : "amlbcookie",
    "org.forgerock.openam.httpclienthandler.system.proxy.enabled" : false,
    "openam.retained.http.headers" : "X-DSAMEVersion"
  }
}