{
  "metadata" : {
    "realm" : null,
    "amsterVersion" : "6.5.2",
    "entityType" : "DeviceIDService",
    "entityId" : "DeviceIDService",
    "pathParams" : { }
  },
  "data" : {
    "_id" : "",
    "defaults" : {
      "deviceIdSettingsEncryptionKeystore" : "/home/forgerock/openam/keystore.jks",
      "deviceIdSettingsEncryptionKeystorePassword" : null,
      "deviceIdSettingsEncryptionKeystorePassword-encrypted" : "AAAAA0FFUwIQ9R3qFINv2/4TcTkooXXS3ZLW2GSRqzTI93e71d0+/vrhzxW/8EvmCg==",
      "deviceIdAttrName" : "devicePrintProfiles",
      "deviceIdSettingsEncryptionKeystoreType" : "JKS",
      "deviceIdSettingsEncryptionScheme" : "NONE"
    },
    "_type" : {
      "_id" : "deviceIdService",
      "name" : "Device ID Service",
      "collection" : false
    }
  }
}