{
  "metadata" : {
    "realm" : null,
    "amsterVersion" : "6.5.2",
    "entityType" : "LegacyUserSelfService",
    "entityId" : "LegacyUserSelfService",
    "pathParams" : { }
  },
  "data" : {
    "_id" : "",
    "defaults" : {
      "forgotPasswordTokenLifetime" : 900,
      "selfServiceEnabled" : false,
      "selfRegistrationConfirmationUrl" : "http://openam:80/XUI/confirm.html",
      "forgotPasswordEnabled" : false,
      "selfRegistrationEnabled" : false,
      "selfRegistrationTokenLifetime" : 900,
      "forgotPasswordConfirmationUrl" : "http://openam:80/XUI/confirm.html",
      "userRegisteredDestination" : "default",
      "protectedUserAttributes" : [ ],
      "confirmationIdHmacKey" : "A2BXXMY3KywY1u1zLpInEKlxJdlj3zA53RqudceHOAg="
    },
    "_type" : {
      "_id" : "security",
      "name" : "Legacy User Self Service",
      "collection" : false
    }
  }
}