{
  "metadata" : {
    "realm" : null,
    "amsterVersion" : "6.5.2",
    "entityType" : "OAuth2Provider",
    "entityId" : "OAuth2Provider",
    "pathParams" : { }
  },
  "data" : {
    "_id" : "",
    "jwtTokenUnreasonableLifetime" : 86400,
    "blacklistPurgeDelay" : 1,
    "blacklistCacheSize" : 10000,
    "blacklistPollInterval" : 60,
    "statelessGrantTokenUpgradeCompatibilityMode" : false,
    "storageScheme" : "CTS_ONE_TO_ONE_MODEL",
    "jwtTokenLifetimeValidationEnabled" : true,
    "defaults" : {
      "coreOAuth2Config" : {
        "refreshTokenLifetime" : 604800,
        "accessTokenLifetime" : 3600,
        "usePolicyEngineForScope" : false,
        "codeLifetime" : 120,
        "issueRefreshTokenOnRefreshedToken" : true,
        "issueRefreshToken" : true,
        "accessTokenModificationScript" : "d22f9a0c-426a-4466-b95e-d0f125b0d5fa",
        "statelessTokensEnabled" : false
      },
      "coreOIDCConfig" : {
        "supportedIDTokenEncryptionMethods" : [ "A256GCM", "A192GCM", "A128GCM", "A128CBC-HS256", "A192CBC-HS384", "A256CBC-HS512" ],
        "jwtTokenLifetime" : 3600,
        "supportedClaims" : [ ],
        "supportedIDTokenEncryptionAlgorithms" : [ "RSA-OAEP", "RSA-OAEP-256", "A128KW", "RSA1_5", "A256KW", "dir", "A192KW" ],
        "supportedIDTokenSigningAlgorithms" : [ "PS384", "RS384", "ES384", "HS256", "HS512", "ES256", "RS256", "HS384", "ES512", "PS256", "PS512", "RS512" ],
        "oidcClaimsScript" : "36863ffb-40ec-48b9-94b1-9a99f71cc3b5"
      },
      "advancedOAuth2Config" : {
        "supportedScopes" : [ ],
        "codeVerifierEnforced" : "false",
        "tokenSigningAlgorithm" : "HS256",
        "authenticationAttributes" : [ "uid" ],
        "defaultScopes" : [ ],
        "scopeImplementationClass" : "org.forgerock.openam.oauth2.OpenAMScopeValidator",
        "responseTypeClasses" : [ "code|org.forgerock.oauth2.core.AuthorizationCodeResponseTypeHandler", "device_code|org.forgerock.oauth2.core.TokenResponseTypeHandler", "token|org.forgerock.oauth2.core.TokenResponseTypeHandler" ],
        "tlsCertificateBoundAccessTokensEnabled" : true,
        "moduleMessageEnabledInPasswordGrant" : false,
        "tokenEncryptionEnabled" : false,
        "grantTypes" : [ "implicit", "refresh_token", "urn:ietf:params:oauth:grant-type:saml2-bearer", "password", "client_credentials", "urn:ietf:params:oauth:grant-type:device_code", "authorization_code", "urn:openid:params:grant-type:ciba", "urn:ietf:params:oauth:grant-type:uma-ticket", "urn:ietf:params:oauth:grant-type:jwt-bearer" ],
        "displayNameAttribute" : "cn",
        "supportedSubjectTypes" : [ "public" ]
      },
      "clientDynamicRegistrationConfig" : {
        "dynamicClientRegistrationSoftwareStatementRequired" : false,
        "dynamicClientRegistrationScope" : "dynamic_client_registration",
        "requiredSoftwareStatementAttestedAttributes" : [ "redirect_uris" ],
        "generateRegistrationAccessTokens" : true,
        "allowDynamicRegistration" : false
      },
      "advancedOIDCConfig" : {
        "storeOpsTokens" : true,
        "defaultACR" : [ ],
        "supportedRequestParameterEncryptionEnc" : [ "A256GCM", "A192GCM", "A128GCM", "A128CBC-HS256", "A192CBC-HS384", "A256CBC-HS512" ],
        "claimsParameterSupported" : false,
        "amrMappings" : { },
        "supportedUserInfoEncryptionEnc" : [ "A256GCM", "A192GCM", "A128GCM", "A128CBC-HS256", "A192CBC-HS384", "A256CBC-HS512" ],
        "alwaysAddClaimsToToken" : false,
        "supportedUserInfoSigningAlgorithms" : [ "ES384", "HS256", "HS512", "ES256", "RS256", "HS384", "ES512" ],
        "supportedRequestParameterEncryptionAlgorithms" : [ "RSA-OAEP", "RSA-OAEP-256", "A128KW", "RSA1_5", "A256KW", "dir", "A192KW" ],
        "authorisedOpenIdConnectSSOClients" : [ ],
        "idTokenInfoClientAuthenticationEnabled" : true,
        "supportedRequestParameterSigningAlgorithms" : [ "PS384", "RS384", "ES384", "HS256", "HS512", "ES256", "RS256", "HS384", "ES512", "PS256", "PS512", "RS512" ],
        "supportedUserInfoEncryptionAlgorithms" : [ "RSA-OAEP", "RSA-OAEP-256", "A128KW", "A256KW", "RSA1_5", "dir", "A192KW" ],
        "supportedTokenEndpointAuthenticationSigningAlgorithms" : [ "PS384", "RS384", "ES384", "HS256", "HS512", "ES256", "RS256", "HS384", "ES512", "PS256", "PS512", "RS512" ],
        "loaMapping" : { }
      },
      "cibaConfig" : {
        "supportedCibaSigningAlgorithms" : [ "ES256", "PS256" ],
        "cibaAuthReqIdLifetime" : 600,
        "cibaMinimumPollingInterval" : 2
      },
      "consent" : {
        "enableRemoteConsent" : false,
        "supportedRcsRequestSigningAlgorithms" : [ "PS384", "RS384", "ES384", "HS256", "HS512", "ES256", "RS256", "HS384", "ES512", "PS256", "PS512", "RS512" ],
        "supportedRcsResponseSigningAlgorithms" : [ "PS384", "RS384", "ES384", "HS256", "HS512", "ES256", "RS256", "HS384", "ES512", "PS256", "PS512", "RS512" ],
        "clientsCanSkipConsent" : false,
        "supportedRcsRequestEncryptionAlgorithms" : [ "RSA-OAEP", "RSA-OAEP-256", "A128KW", "RSA1_5", "A256KW", "dir", "A192KW" ],
        "supportedRcsResponseEncryptionMethods" : [ "A256GCM", "A192GCM", "A128GCM", "A128CBC-HS256", "A192CBC-HS384", "A256CBC-HS512" ],
        "supportedRcsRequestEncryptionMethods" : [ "A256GCM", "A192GCM", "A128GCM", "A128CBC-HS256", "A192CBC-HS384", "A256CBC-HS512" ],
        "savedConsentAttribute" : "",
        "supportedRcsResponseEncryptionAlgorithms" : [ "RSA-OAEP", "RSA-OAEP-256", "A128KW", "RSA1_5", "A256KW", "dir", "A192KW" ]
      },
      "deviceCodeConfig" : {
        "devicePollInterval" : 5,
        "deviceCodeLifetime" : 300
      }
    },
    "_type" : {
      "_id" : "oauth-oidc",
      "name" : "OAuth2 Provider",
      "collection" : false
    }
  }
}