{
  "metadata" : {
    "realm" : null,
    "amsterVersion" : "6.5.2",
    "entityType" : "RemoteConsentService",
    "entityId" : "RemoteConsentService",
    "pathParams" : { }
  },
  "data" : {
    "_id" : "",
    "defaults" : {
      "jwkStoreCacheTimeout" : 60,
      "consentResponseTimeLimit" : 2,
      "jwkStoreCacheMissCacheTime" : 1
    },
    "_type" : {
      "_id" : "RemoteConsentService",
      "name" : "Remote Consent Service",
      "collection" : false
    }
  }
}