{
  "metadata" : {
    "realm" : null,
    "amsterVersion" : "6.5.2",
    "entityType" : "Session",
    "entityId" : "Session",
    "pathParams" : { }
  },
  "data" : {
    "_id" : "",
    "stateless" : {
      "statelessSigningHmacSecret" : null,
      "statelessSigningHmacSecret-encrypted" : "AAAAA0FFUwIQOatzsJY3jcMEuOaZs6dqVKHRbOtD9HXNd89hWJKmt1E+q0M5E/UgDDLjjeq4TlmWZrfNyev1OZBryzqNlc460KuQXMteseAD",
      "openam-session-stateless-blacklist-poll-interval" : 60,
      "statelessSigningType" : "HS256",
      "openam-session-stateless-enable-session-blacklisting" : false,
      "statelessCompressionType" : "NONE",
      "statelessEncryptionType" : "DIRECT",
      "openam-session-stateless-blacklist-purge-delay" : 1,
      "statelessSigningRsaCertAlias" : "test",
      "statelessEncryptionAesKey" : null,
      "statelessEncryptionAesKey-encrypted" : "AAAAA0FFUwIQDxZ7Ilg/ZWrQ5yCQ8JJjxH/hzg2xtHHhSpqn9K93l/C0ZlP/ChY+RhPfM+IMkkqgKMiES7cs2kozm7Hqt1Csg/cAoEPyNT+g",
      "openam-session-stateless-blacklist-cache-size" : 10000,
      "statelessEncryptionRsaCertAlias" : "test"
    },
    "general" : {
      "timeoutHandlers" : [ ],
      "latestAccessTimeUpdateFrequency" : 60,
      "dnRestrictionOnly" : false
    },
    "notifications" : {
      "propertyChangeNotifications" : "OFF",
      "notificationPropertyList" : [ ]
    },
    "iplanet-am-session-constraint-resulting-behavior" : "DESTROY_OLD_SESSION",
    "quotas" : {
      "iplanet-am-session-enable-session-constraint" : "OFF",
      "denyLoginWhenRepoDown" : "NO",
      "quotaConstraintMaxWaitTime" : 6000,
      "behaviourWhenQuotaExhausted" : "org.forgerock.openam.session.service.DestroyNextExpiringAction"
    },
    "search" : {
      "maxSessionListSize" : 120,
      "sessionListRetrievalTimeout" : 5
    },
    "dynamic" : {
      "maxSessionTime" : 120,
      "maxIdleTime" : 30,
      "quotaLimit" : 5,
      "maxCachingTime" : 3
    },
    "_type" : {
      "_id" : "session",
      "name" : "Session",
      "collection" : false
    }
  }
}