{
  "metadata" : {
    "realm" : null,
    "amsterVersion" : "6.5.2",
    "entityType" : "SocialAuthentication",
    "entityId" : "SocialAuthentication",
    "pathParams" : { }
  },
  "data" : {
    "_id" : "",
    "defaults" : {
      "enabledKeys" : [ ],
      "displayNames" : { },
      "icons" : { },
      "authenticationChains" : { }
    },
    "_type" : {
      "_id" : "socialauthentication",
      "name" : "Social Authentication Implementations",
      "collection" : false
    }
  }
}