{
  "metadata" : {
    "realm" : null,
    "amsterVersion" : "6.5.2",
    "entityType" : "SocialAuthInstagramModule",
    "entityId" : "SocialAuthInstagramModule",
    "pathParams" : { }
  },
  "data" : {
    "_id" : "",
    "defaults" : {
      "core" : {
        "usesBasicAuth" : false,
        "authenticationLevel" : 0,
        "logoutServiceUrl" : "https://instagram.com/accounts/logout",
        "tokenEndpoint" : "https://api.instagram.com/oauth/access_token",
        "subjectProperty" : "id",
        "logoutBehaviour" : "prompt",
        "provider" : "Instagram",
        "scope" : [ "basic" ],
        "ssoProxyUrl" : "http://openam:80/oauth2c/OAuthProxy.jsp",
        "authorizeEndpoint" : "https://api.instagram.com/oauth/authorize",
        "userInfoEndpoint" : "https://api.instagram.com/v1/users/self"
      },
      "accountProvisioning" : {
        "accountProviderClass" : "org.forgerock.openam.authentication.modules.common.mapping.DefaultAccountProvider",
        "createAccount" : true,
        "enableRegistrationService" : false,
        "attributeMappingClasses" : [ "org.forgerock.openam.authentication.modules.common.mapping.JsonAttributeMapper|uid|instagram-" ],
        "accountMapperClass" : "org.forgerock.openam.authentication.modules.common.mapping.JsonAttributeMapper|*|instagram-",
        "accountMapperConfiguration" : [ "id=uid" ],
        "mapToAnonymousUser" : false,
        "anonymousUserName" : "anonymous",
        "attributeMapperConfiguration" : [ "id=uid", "full_name=sn", "username=cn", "username=givenName" ],
        "saveAttributesInSession" : true
      }
    },
    "_type" : {
      "_id" : "authSocialInstagram",
      "name" : "Social Auth Instagram",
      "collection" : false
    }
  }
}