{
  "metadata" : {
    "realm" : "/openbanking",
    "amsterVersion" : "6.5.1",
    "entityType" : "Policies",
    "entityId" : "aisp-569769c1-149a-4cc3-838f-c2f24809609e",
    "pathParams" : { }
  },
  "data" : {
    "_id" : "aisp-569769c1-149a-4cc3-838f-c2f24809609e",
    "name" : "aisp-569769c1-149a-4cc3-838f-c2f24809609e",
    "active" : true,
    "description" : "OB AISP Consent Policy - autogenerated by IDM",
    "resources" : [ "http://obie-rcs-mocks.iss-forgerock.svc.cluster.local:8089/openbanking/v3.1/accounts/569769c1-149a-4cc3-838f-c2f24809609e" ],
    "applicationName" : "AISP Authorization Policy",
    "actionValues" : {
      "POST" : true,
      "GET" : true
    },
    "subject" : {
      "type" : "AND",
      "subjects" : [ {
        "type" : "JwtClaim",
        "claimName" : "sub",
        "claimValue" : "jane.doe"
      }, {
        "type" : "JwtClaim",
        "claimName" : "tpp",
        "claimValue" : "d31998f5-e4e9-457c-9394-c1cfe73e4b5d5be2b35eb093460c753520e6"
      }, {
        "type" : "OR",
        "subjects" : [ {
          "type" : "JwtClaim",
          "claimName" : "PermissionType",
          "claimValue" : "22289:ReadAccountsDetail"
        }, {
          "type" : "JwtClaim",
          "claimName" : "PermissionType",
          "claimValue" : "22289:ReadBalances"
        }, {
          "type" : "JwtClaim",
          "claimName" : "PermissionType",
          "claimValue" : "22289:ReadTransactionsDetail"
        }, {
          "type" : "JwtClaim",
          "claimName" : "PermissionType",
          "claimValue" : "31820:ReadAccountsDetail"
        }, {
          "type" : "JwtClaim",
          "claimName" : "PermissionType",
          "claimValue" : "31820:ReadBalances"
        }, {
          "type" : "JwtClaim",
          "claimName" : "PermissionType",
          "claimValue" : "31820:ReadTransactionsDetail"
        }, {
          "type" : "JwtClaim",
          "claimName" : "PermissionType",
          "claimValue" : "allGrantedAccounts"
        } ]
      } ]
    },
    "resourceTypeUuid" : "76656a38-5f8e-401b-83aa-4ccb74ce88d2",
    "resourceAttributes" : [ {
      "type" : "Static",
      "propertyName" : "grantedAccounts",
      "propertyValues" : [ "22289", "31820" ]
    } ],
    "lastModifiedBy" : "id=amAdmin,ou=user,ou=am-config",
    "lastModifiedDate" : "2019-06-26T13:31:26.702Z",
    "createdBy" : "id=amAdmin,ou=user,ou=am-config",
    "creationDate" : "2019-06-26T13:31:26.702Z"
  }
}