{
  "metadata" : {
    "realm" : "/openbanking",
    "amsterVersion" : "6.5.1",
    "entityType" : "Policies",
    "entityId" : "aisp-a2ec83c7-b232-44d5-bf01-99a022c5cc4a",
    "pathParams" : { }
  },
  "data" : {
    "_id" : "aisp-a2ec83c7-b232-44d5-bf01-99a022c5cc4a",
    "name" : "aisp-a2ec83c7-b232-44d5-bf01-99a022c5cc4a",
    "active" : true,
    "description" : "OB AISP Consent Policy - autogenerated by IDM",
    "resources" : [ "http://obie-rcs-mocks.iss-forgerock.svc.cluster.local:8089/openbanking/v3.1/accounts/a2ec83c7-b232-44d5-bf01-99a022c5cc4a" ],
    "applicationName" : "AISP Authorization Policy",
    "actionValues" : {
      "POST" : true,
      "GET" : true
    },
    "subject" : {
      "type" : "AND",
      "subjects" : [ {
        "type" : "JwtClaim",
        "claimName" : "sub",
        "claimValue" : "oaustin"
      }, {
        "type" : "JwtClaim",
        "claimName" : "tpp",
        "claimValue" : "c7a8c650-3840-4351-97a2-8e7b77358b765be2b35eb093460c753520e6"
      }, {
        "type" : "OR",
        "subjects" : [ {
          "type" : "JwtClaim",
          "claimName" : "PermissionType",
          "claimValue" : "allGrantedAccounts"
        } ]
      } ]
    },
    "resourceTypeUuid" : "76656a38-5f8e-401b-83aa-4ccb74ce88d2",
    "resourceAttributes" : [ {
      "type" : "Static",
      "propertyName" : "grantedAccounts",
      "propertyValues" : [ ]
    } ],
    "lastModifiedBy" : "id=amAdmin,ou=user,ou=am-config",
    "lastModifiedDate" : "2019-06-26T14:50:08.528Z",
    "createdBy" : "id=amAdmin,ou=user,ou=am-config",
    "creationDate" : "2019-06-26T14:50:08.528Z"
  }
}