{
  "metadata" : {
    "realm" : "/openbanking",
    "amsterVersion" : "6.5.1",
    "entityType" : "Policies",
    "entityId" : "aisp-5006a9c7-8f05-46cb-87e8-68eb8f34e18f",
    "pathParams" : { }
  },
  "data" : {
    "_id" : "aisp-5006a9c7-8f05-46cb-87e8-68eb8f34e18f",
    "name" : "aisp-5006a9c7-8f05-46cb-87e8-68eb8f34e18f",
    "active" : true,
    "description" : "OB AISP Consent Policy - autogenerated by IDM",
    "resources" : [ "http://obie-rcs-mocks.iss-forgerock.svc.cluster.local:8089/openbanking/v3.1/accounts/5006a9c7-8f05-46cb-87e8-68eb8f34e18f" ],
    "applicationName" : "AISP Authorization Policy",
    "actionValues" : {
      "POST" : true,
      "GET" : true
    },
    "subject" : {
      "type" : "AND",
      "subjects" : [ {
        "type" : "JwtClaim",
        "claimName" : "sub",
        "claimValue" : "demo"
      }, {
        "type" : "JwtClaim",
        "claimName" : "tpp",
        "claimValue" : "29dc734d-8edb-4d76-958b-913fd4940e5d5c613fa688610e0035bd299d"
      }, {
        "type" : "OR",
        "subjects" : [ {
          "type" : "JwtClaim",
          "claimName" : "PermissionType",
          "claimValue" : "31820:ReadAccountsDetail"
        }, {
          "type" : "JwtClaim",
          "claimName" : "PermissionType",
          "claimValue" : "31820:ReadBalances"
        }, {
          "type" : "JwtClaim",
          "claimName" : "PermissionType",
          "claimValue" : "31820:ReadTransactionsDetail"
        }, {
          "type" : "JwtClaim",
          "claimName" : "PermissionType",
          "claimValue" : "22289:ReadAccountsDetail"
        }, {
          "type" : "JwtClaim",
          "claimName" : "PermissionType",
          "claimValue" : "22289:ReadBalances"
        }, {
          "type" : "JwtClaim",
          "claimName" : "PermissionType",
          "claimValue" : "22289:ReadTransactionsDetail"
        }, {
          "type" : "JwtClaim",
          "claimName" : "PermissionType",
          "claimValue" : "allGrantedAccounts"
        } ]
      } ]
    },
    "resourceTypeUuid" : "76656a38-5f8e-401b-83aa-4ccb74ce88d2",
    "resourceAttributes" : [ {
      "type" : "Static",
      "propertyName" : "grantedAccounts",
      "propertyValues" : [ "22289", "31820" ]
    } ],
    "lastModifiedBy" : "id=amAdmin,ou=user,ou=am-config",
    "lastModifiedDate" : "2019-06-26T09:48:54.248Z",
    "createdBy" : "id=amAdmin,ou=user,ou=am-config",
    "creationDate" : "2019-06-26T09:48:54.248Z"
  }
}