{
  "metadata" : {
    "realm" : "/openbanking",
    "amsterVersion" : "6.5.1",
    "entityType" : "Policies",
    "entityId" : "aisp-18736ed4-7044-48d3-911a-a36f153cd48c",
    "pathParams" : { }
  },
  "data" : {
    "_id" : "aisp-18736ed4-7044-48d3-911a-a36f153cd48c",
    "name" : "aisp-18736ed4-7044-48d3-911a-a36f153cd48c",
    "active" : true,
    "description" : "OB AISP Consent Policy - autogenerated by IDM",
    "resources" : [ "http://obie-rcs-mocks.iss-forgerock.svc.cluster.local:8089/openbanking/v3.1/accounts/18736ed4-7044-48d3-911a-a36f153cd48c" ],
    "applicationName" : "AISP Authorization Policy",
    "actionValues" : {
      "POST" : true,
      "GET" : true
    },
    "subject" : {
      "type" : "AND",
      "subjects" : [ {
        "type" : "JwtClaim",
        "claimName" : "sub",
        "claimValue" : "jane.doe"
      }, {
        "type" : "JwtClaim",
        "claimName" : "tpp",
        "claimValue" : "c29115e1-a378-4411-bc60-71dbc414c59f5be2b35eb093460c753520e6"
      }, {
        "type" : "OR",
        "subjects" : [ {
          "type" : "JwtClaim",
          "claimName" : "PermissionType",
          "claimValue" : "22289:ReadAccountsDetail"
        }, {
          "type" : "JwtClaim",
          "claimName" : "PermissionType",
          "claimValue" : "22289:ReadBalances"
        }, {
          "type" : "JwtClaim",
          "claimName" : "PermissionType",
          "claimValue" : "22289:ReadTransactionsDetail"
        }, {
          "type" : "JwtClaim",
          "claimName" : "PermissionType",
          "claimValue" : "allGrantedAccounts"
        } ]
      } ]
    },
    "resourceTypeUuid" : "76656a38-5f8e-401b-83aa-4ccb74ce88d2",
    "resourceAttributes" : [ {
      "type" : "Static",
      "propertyName" : "grantedAccounts",
      "propertyValues" : [ "22289" ]
    } ],
    "lastModifiedBy" : "id=amAdmin,ou=user,ou=am-config",
    "lastModifiedDate" : "2019-06-27T23:23:38.350Z",
    "createdBy" : "id=amAdmin,ou=user,ou=am-config",
    "creationDate" : "2019-06-27T23:23:38.350Z"
  }
}