{
  "metadata" : {
    "realm" : "/openbanking",
    "amsterVersion" : "6.5.1",
    "entityType" : "Policies",
    "entityId" : "pisp-c96e93d0-2f01-443d-9c38-618e3d7d0309",
    "pathParams" : { }
  },
  "data" : {
    "_id" : "pisp-c96e93d0-2f01-443d-9c38-618e3d7d0309",
    "name" : "pisp-c96e93d0-2f01-443d-9c38-618e3d7d0309",
    "active" : true,
    "description" : "OB PISP Consent Policy - autogenerated by IDM",
    "resources" : [ "http://obie-rcs-mocks.iss-forgerock.svc.cluster.local:8089/openbanking/v3.1/domestic-payment-consents/c96e93d0-2f01-443d-9c38-618e3d7d0309" ],
    "applicationName" : "PISP Authorization Policy",
    "actionValues" : {
      "POST" : true,
      "GET" : true
    },
    "subject" : {
      "type" : "AND",
      "subjects" : [ {
        "type" : "JwtClaim",
        "claimName" : "sub",
        "claimValue" : "demo"
      }, {
        "type" : "JwtClaim",
        "claimName" : "tpp",
        "claimValue" : "29dc734d-8edb-4d76-958b-913fd4940e5d5c613fa688610e0035bd299d"
      }, {
        "type" : "OR",
        "subjects" : [ {
          "type" : "JwtClaim",
          "claimName" : "Initiation",
          "claimValue" : "b22dabfcb201e2d95b62be1d12613b4002a7a805f86903165245852b16f7ace0"
        }, {
          "type" : "JwtClaim",
          "claimName" : "Initiation",
          "claimValue" : "funds-confirmation"
        } ]
      } ]
    },
    "resourceTypeUuid" : "76656a38-5f8e-401b-83aa-4ccb74ce88d2",
    "lastModifiedBy" : "id=amAdmin,ou=user,ou=am-config",
    "lastModifiedDate" : "2019-06-26T09:46:28.646Z",
    "createdBy" : "id=amAdmin,ou=user,ou=am-config",
    "creationDate" : "2019-06-26T09:46:28.646Z"
  }
}