{
  "metadata" : {
    "realm" : "/openbanking",
    "amsterVersion" : "6.5.1",
    "entityType" : "Policies",
    "entityId" : "pisp-496ed6e3-dd3e-4796-9bca-702f4c9606b2",
    "pathParams" : { }
  },
  "data" : {
    "_id" : "pisp-496ed6e3-dd3e-4796-9bca-702f4c9606b2",
    "name" : "pisp-496ed6e3-dd3e-4796-9bca-702f4c9606b2",
    "active" : true,
    "description" : "OB PISP Consent Policy - autogenerated by IDM",
    "resources" : [ "http://obie-rcs-mocks.iss-forgerock.svc.cluster.local:8089/openbanking/v3.1/domestic-payment-consents/496ed6e3-dd3e-4796-9bca-702f4c9606b2" ],
    "applicationName" : "PISP Authorization Policy",
    "actionValues" : {
      "POST" : true,
      "GET" : true
    },
    "subject" : {
      "type" : "AND",
      "subjects" : [ {
        "type" : "JwtClaim",
        "claimName" : "sub",
        "claimValue" : "oaustin"
      }, {
        "type" : "JwtClaim",
        "claimName" : "tpp",
        "claimValue" : "fe83c970-1202-4fb4-ae8b-d0a737fb211f5be2b35eb093460c753520e6"
      }, {
        "type" : "OR",
        "subjects" : [ {
          "type" : "JwtClaim",
          "claimName" : "Initiation",
          "claimValue" : "ba639a132cdc524398746d3fe85610a04cf32fff5d3a27d9d0435c9ca9615bb2"
        }, {
          "type" : "JwtClaim",
          "claimName" : "Initiation",
          "claimValue" : "funds-confirmation"
        } ]
      } ]
    },
    "resourceTypeUuid" : "76656a38-5f8e-401b-83aa-4ccb74ce88d2",
    "lastModifiedBy" : "id=amAdmin,ou=user,ou=am-config",
    "lastModifiedDate" : "2019-06-26T12:32:57.644Z",
    "createdBy" : "id=amAdmin,ou=user,ou=am-config",
    "creationDate" : "2019-06-26T12:32:57.644Z"
  }
}