{
  "metadata" : {
    "realm" : "/openbanking",
    "amsterVersion" : "6.5.1",
    "entityType" : "Policies",
    "entityId" : "pisp-a31558bd-0f72-45e1-afa4-c097f61eb190",
    "pathParams" : { }
  },
  "data" : {
    "_id" : "pisp-a31558bd-0f72-45e1-afa4-c097f61eb190",
    "name" : "pisp-a31558bd-0f72-45e1-afa4-c097f61eb190",
    "active" : true,
    "description" : "OB PISP Consent Policy - autogenerated by IDM",
    "resources" : [ "http://obie-rcs-mocks.iss-forgerock.svc.cluster.local:8089/openbanking/v3.1/domestic-payment-consents/a31558bd-0f72-45e1-afa4-c097f61eb190" ],
    "applicationName" : "PISP Authorization Policy",
    "actionValues" : {
      "POST" : true,
      "GET" : true
    },
    "subject" : {
      "type" : "AND",
      "subjects" : [ {
        "type" : "JwtClaim",
        "claimName" : "sub",
        "claimValue" : "jane.doe"
      }, {
        "type" : "JwtClaim",
        "claimName" : "tpp",
        "claimValue" : "12832c13-7bc5-4fe8-8e16-a5ad77c62ca25be2b35eb093460c753520e6"
      }, {
        "type" : "OR",
        "subjects" : [ {
          "type" : "JwtClaim",
          "claimName" : "Initiation",
          "claimValue" : "e493d6a4ec5386817067a3d273bb0dbd881e4856b336053e99497fd69531210a"
        }, {
          "type" : "JwtClaim",
          "claimName" : "Initiation",
          "claimValue" : "funds-confirmation"
        } ]
      } ]
    },
    "resourceTypeUuid" : "76656a38-5f8e-401b-83aa-4ccb74ce88d2",
    "lastModifiedBy" : "id=amAdmin,ou=user,ou=am-config",
    "lastModifiedDate" : "2019-06-28T15:03:33.871Z",
    "createdBy" : "id=amAdmin,ou=user,ou=am-config",
    "creationDate" : "2019-06-28T15:03:33.871Z"
  }
}