{
  "metadata" : {
    "realm" : "/openbanking",
    "amsterVersion" : "6.5.1",
    "entityType" : "Policies",
    "entityId" : "pisp-4520070f-4564-4e53-b51e-e211f38915de",
    "pathParams" : { }
  },
  "data" : {
    "_id" : "pisp-4520070f-4564-4e53-b51e-e211f38915de",
    "name" : "pisp-4520070f-4564-4e53-b51e-e211f38915de",
    "active" : true,
    "description" : "OB PISP Consent Policy - autogenerated by IDM",
    "resources" : [ "http://obie-rcs-mocks.iss-forgerock.svc.cluster.local:8089/openbanking/v3.1/domestic-payment-consents/4520070f-4564-4e53-b51e-e211f38915de" ],
    "applicationName" : "PISP Authorization Policy",
    "actionValues" : {
      "POST" : true,
      "GET" : true
    },
    "subject" : {
      "type" : "AND",
      "subjects" : [ {
        "type" : "JwtClaim",
        "claimName" : "sub",
        "claimValue" : "jane.doe"
      }, {
        "type" : "JwtClaim",
        "claimName" : "tpp",
        "claimValue" : "abba8601-ba0b-46f9-851a-30591f0c18585be2b35eb093460c753520e6"
      }, {
        "type" : "OR",
        "subjects" : [ {
          "type" : "JwtClaim",
          "claimName" : "Initiation",
          "claimValue" : "b22dabfcb201e2d95b62be1d12613b4002a7a805f86903165245852b16f7ace0"
        }, {
          "type" : "JwtClaim",
          "claimName" : "Initiation",
          "claimValue" : "funds-confirmation"
        } ]
      } ]
    },
    "resourceTypeUuid" : "76656a38-5f8e-401b-83aa-4ccb74ce88d2",
    "lastModifiedBy" : "id=amAdmin,ou=user,ou=am-config",
    "lastModifiedDate" : "2019-06-28T14:13:45.532Z",
    "createdBy" : "id=amAdmin,ou=user,ou=am-config",
    "creationDate" : "2019-06-28T14:13:45.532Z"
  }
}