{
  "metadata" : {
    "realm" : "/openbanking",
    "amsterVersion" : "6.5.1",
    "entityType" : "Policies",
    "entityId" : "pisp-cd9acc06-04da-4942-8f85-981868207a44",
    "pathParams" : { }
  },
  "data" : {
    "_id" : "pisp-cd9acc06-04da-4942-8f85-981868207a44",
    "name" : "pisp-cd9acc06-04da-4942-8f85-981868207a44",
    "active" : true,
    "description" : "OB PISP Consent Policy - autogenerated by IDM",
    "resources" : [ "http://obie-rcs-mocks.iss-forgerock.svc.cluster.local:8089/openbanking/v3.1/domestic-payment-consents/cd9acc06-04da-4942-8f85-981868207a44" ],
    "applicationName" : "PISP Authorization Policy",
    "actionValues" : {
      "POST" : true,
      "GET" : true
    },
    "subject" : {
      "type" : "AND",
      "subjects" : [ {
        "type" : "JwtClaim",
        "claimName" : "sub",
        "claimValue" : "jane.doe"
      }, {
        "type" : "JwtClaim",
        "claimName" : "tpp",
        "claimValue" : "12832c13-7bc5-4fe8-8e16-a5ad77c62ca25be2b35eb093460c753520e6"
      }, {
        "type" : "OR",
        "subjects" : [ {
          "type" : "JwtClaim",
          "claimName" : "Initiation",
          "claimValue" : "4a175c93251334e75bff86a91a5c100e396a4bd5773bb3bfa84436540016b48c"
        }, {
          "type" : "JwtClaim",
          "claimName" : "Initiation",
          "claimValue" : "funds-confirmation"
        } ]
      } ]
    },
    "resourceTypeUuid" : "76656a38-5f8e-401b-83aa-4ccb74ce88d2",
    "lastModifiedBy" : "id=amAdmin,ou=user,ou=am-config",
    "lastModifiedDate" : "2019-06-28T14:58:18.678Z",
    "createdBy" : "id=amAdmin,ou=user,ou=am-config",
    "creationDate" : "2019-06-28T14:58:18.678Z"
  }
}