{
  "metadata" : {
    "realm" : null,
    "amsterVersion" : "6.5.2",
    "entityType" : "ScriptingEngineConfiguration",
    "entityId" : "engineConfiguration",
    "pathParams" : {
      "contexts" : "AUTHENTICATION_TREE_DECISION_NODE"
    }
  },
  "data" : {
    "_id" : "engineConfiguration",
    "queueSize" : 10,
    "useSecurityManager" : true,
    "idleTimeout" : 60,
    "coreThreads" : 10,
    "blackList" : [ "java.lang.Class", "java.security.AccessController", "java.lang.reflect.*" ],
    "whiteList" : [ "java.lang.Float", "org.forgerock.http.protocol.Header", "com.sun.identity.authentication.callbacks.HiddenValueCallback", "java.lang.Integer", "org.forgerock.http.Client", "com.sun.identity.authentication.callbacks.ScriptTextOutputCallback", "java.lang.Character$UnicodeBlock", "java.lang.Character", "java.lang.Long", "java.lang.Short", "org.forgerock.http.client.*", "java.lang.Math", "java.lang.Byte", "org.codehaus.groovy.runtime.ScriptBytecodeAdapter", "java.lang.StrictMath", "org.forgerock.util.promise.PromiseImpl", "org.forgerock.http.Context", "java.lang.Void", "org.codehaus.groovy.runtime.GStringImpl", "javax.security.auth.callback.PasswordCallback", "groovy.json.JsonSlurper", "org.forgerock.http.protocol.Request", "java.util.AbstractMap$*", "org.forgerock.openam.auth.node.api.Action$ActionBuilder", "org.forgerock.openam.authentication.callbacks.PollingWaitCallback", "org.forgerock.http.protocol.Entity", "org.forgerock.http.context.RootContext", "java.util.Collections$*", "org.forgerock.http.protocol.RequestCookies", "org.forgerock.http.protocol.Responses", "org.forgerock.util.promise.Promise", "javax.security.auth.callback.TextInputCallback", "java.util.HashMap$KeyIterator", "com.sun.identity.shared.debug.Debug", "javax.security.auth.callback.TextOutputCallback", "java.lang.Double", "com.sun.identity.authentication.spi.MetadataCallback", "org.forgerock.openam.scripting.api.http.JavaScriptHttpClient", "org.forgerock.http.protocol.Headers", "org.forgerock.http.protocol.Status", "java.util.HashMap", "java.lang.Character$Subset", "java.util.TreeSet", "java.util.ArrayList", "java.util.LinkedHashMap", "java.util.HashSet", "com.sun.identity.authentication.spi.X509CertificateCallback", "org.forgerock.http.protocol.ResponseException", "com.sun.identity.authentication.spi.HttpCallback", "org.forgerock.http.protocol.Message", "com.sun.identity.authentication.spi.RedirectCallback", "java.lang.Boolean", "java.lang.String", "java.util.LinkedList", "java.lang.Number", "org.forgerock.json.JsonValue", "java.util.LinkedHashSet", "org.forgerock.http.protocol.Response", "org.forgerock.openam.core.rest.authn.callbackhandlers.*", "org.forgerock.util.promise.NeverThrowsException", "javax.security.auth.callback.LanguageCallback", "javax.security.auth.callback.ChoiceCallback", "org.forgerock.openam.scripting.api.http.GroovyHttpClient", "org.forgerock.openam.auth.node.api.Action", "javax.security.auth.callback.NameCallback", "java.util.TreeMap", "org.forgerock.openam.scripting.api.ScriptedSession", "javax.security.auth.callback.ConfirmationCallback", "org.forgerock.openam.scripting.api.ScriptedIdentity", "org.forgerock.http.Handler", "java.lang.Object", "org.forgerock.http.protocol.Cookie", "java.util.Collections", "org.forgerock.http.protocol.Form" ],
    "maxThreads" : 50,
    "serverTimeout" : 0,
    "_type" : {
      "_id" : "engineConfiguration",
      "name" : "Scripting engine configuration",
      "collection" : false
    }
  }
}